{
  "version": "june22_27_v5_fail_closed_development_only",
  "seed": 42,
  "dataset_a_rows": 162,
  "dataset_b_rows": 121,
  "elapsed_wc2026_rows": 66,
  "calibration": {
    "divisor": 350.0,
    "draw_base": 0.22,
    "draw_slope": 0.12,
    "mean_brier": 0.6507549436914782,
    "mean_log_loss": 1.06466468479244,
    "folds": [
      {
        "brier": 0.6580549057063872,
        "log_loss": 1.085868751526495
      },
      {
        "brier": 0.6618666207688476,
        "log_loss": 1.0911672922571947
      },
      {
        "brier": 0.6614159561609873,
        "log_loss": 1.0905049384029915
      },
      {
        "brier": 0.621682292129691,
        "log_loss": 0.9911177569830786
      }
    ],
    "selection_rows": 241,
    "holdout_rows": 42,
    "holdout_brier": 0.4785465702562671,
    "holdout_log_loss": 0.8202616887087706
  },
  "score_market_calibration": {
    "mu_total": 2.75,
    "allocation": 0.4,
    "gap_scale": 350.0,
    "gap_intensity": 0.15,
    "mean_score_nll": 3.092970220134323,
    "mean_over_2_5_brier": 0.2523574416460518,
    "mean_btts_brier": 0.2576067240602384,
    "tuning_status": "proper_score_tuned_not_empirically_calibrated",
    "selection_rows": 241,
    "holdout_rows": 42,
    "production_model": "tuned_elo_independent_poisson",
    "production_holdout": {
      "score_nll": 2.885082760631986,
      "over_2_5_brier": 0.24254077349369435,
      "btts_brier": 0.23877503465441793
    },
    "shadow_model": "dixon_coles_low_score_correction",
    "shadow_rho": -0.15,
    "shadow_selection": {
      "rho": -0.15,
      "mean_score_nll": 3.069853397262695,
      "mean_over_2_5_brier": 0.2523574416460518,
      "mean_btts_brier": 0.25918702283051975
    },
    "shadow_holdout": {
      "score_nll": 2.8798205345061936,
      "over_2_5_brier": 0.24254077349369435,
      "btts_brier": 0.24048769597343822
    },
    "holdout_selection_rate_baselines": {
      "selection_over_2_5_rate": 0.44489503816793996,
      "selection_btts_rate": 0.4661259541984744,
      "over_2_5_brier": 0.2609086942230928,
      "btts_brier": 0.2463083015787458
    },
    "shadow_paired_bootstrap": {
      "score_nll": {
        "challenger_minus_production_mean": -0.005262226126,
        "ci_95_lower": -0.038374355113,
        "ci_95_upper": 0.034381357022,
        "iterations": 2000,
        "resampling_method": "weighted_date_block_percentile_bootstrap",
        "block_count": 9,
        "numeric_tolerance": 1e-12,
        "statistically_secure_improvement": false
      },
      "over_2_5_brier": {
        "challenger_minus_production_mean": -0.0,
        "ci_95_lower": -0.0,
        "ci_95_upper": 0.0,
        "iterations": 2000,
        "resampling_method": "weighted_date_block_percentile_bootstrap",
        "block_count": 9,
        "numeric_tolerance": 1e-12,
        "statistically_secure_improvement": false
      },
      "btts_brier": {
        "challenger_minus_production_mean": 0.001712661319,
        "ci_95_lower": -0.001679889626,
        "ci_95_upper": 0.006137877567,
        "iterations": 2000,
        "resampling_method": "weighted_date_block_percentile_bootstrap",
        "block_count": 9,
        "numeric_tolerance": 1e-12,
        "statistically_secure_improvement": false
      }
    },
    "policy_status": "experimental_non_actionable_no_historical_market_odds"
  },
  "mu_dataset_a": 2.7037037037037037,
  "mu_dataset_b": 2.4441964285714297,
  "mu_production": 2.75,
  "expanded_market_policy": {
    "status": "abstain_no_validated_recommendation_policy",
    "reason": "Historical profitability is unvalidated, the nominal holdout has been used for development feedback, source prices are stale, and conditional fixtures require intervening results.",
    "priced_fixtures": 10,
    "all_fixture_probability_coverage": 10,
    "recommendations_required": 0,
    "selection_rule": "rank independent structural-model EV and stressed EV; use market-implied probability only as a disagreement/risk diagnostic, never as an input to the probability evaluating that same quote"
  },
  "research_mode_policy": {
    "toggle_available": true,
    "default_state": "off_production_mode",
    "selected_candidate": "dixon_coles_low_score_correction_shadow",
    "selected_family": "hierarchical_dynamic_poisson_score_research",
    "status": "research_gated_not_production",
    "production_recommendations_unchanged": true,
    "why_selected": "Dixon-Coles is the selected tested shadow candidate because it is football-specific, low-parameter, and reproducible with the available score data. Other registered candidates have not all been fit and compared, so this is not a claim that Dixon-Coles is globally best. High-capacity temporal graph and sequence models remain blocked by the sample-size/edge-count promotion gate.",
    "why_not_promoted": "Shadow paired-bootstrap intervals cross zero and no timestamp-verified historical closing odds exist for profitability validation.",
    "promotion_requirements": {
      "minimum_timestamped_fixtures": 2000,
      "minimum_temporal_edges_per_team": 30,
      "validation": "nested walk-forward selection, untouched holdout superiority, calibration checks, multiple-testing control, and closing-line ROI/CLV validation"
    }
  },
  "evaluation_governance": {
    "current_holdout_status": "development_validation_only_not_confirmatory",
    "reason": "The nominal holdout informed prior development decisions and cannot be described as untouched or confirmatory.",
    "new_sealed_holdout_required": true,
    "probability_release_status": "development_only",
    "recommendation_release_status": "blocked",
    "bankroll_release_status": "prohibited_zero_allocation"
  },
  "input_hashes": {
    "wc_backtest_historical_dataset.csv": "beee227402f102b146f785dc77d92a00863b9c5090f7de4ff6d7baaa9f75683a",
    "wc_2026_results_through_june26.csv": "a14f85c0bd2d4440179e26189bbcea0b1d4b47aa1180ce9697845fc45a513076",
    "wc_team_elo_baseline_june11.csv": "f7e4ff313d485e208ac5a00f9cc2b51adda1cb255414578ead094d37a584213b",
    "wc_2026_matches_june_27-29.csv": "917a17f6a7d6c054a5f755767832bc5ce88d3e300e8f1b11b3968b6d1a071df2",
    "odds_june22_23.csv": "817aa26510205feffc7b74780059a83268fc48efc08b887763d9b0776049ce9a",
    "odds_june24.csv": "3fd7247e0240f651d0bbd46a25ffaf90773b025d465c2d496130c517b58565de",
    "odds_june25_26.csv": "31a8964d1ad9277dda6ac875b1787e51e84eb96d44654470f3d7ee63e0c04a88",
    "odds_june27.csv": "a452dd19faf1e529989a8090d98afb52692d7197f56102881e1dafb81646b710",
    "manual_odds_20260627_20260629.csv": "472ba29089c9f20b37f4daa3f17e3222f5240c2d29aa9740e7ecc992090b73fd",
    "manual_odds_20260627_20260629.provenance.json": "7ad0adae2e61ea11934ccf1403a478b89b5d1507b972e9bfcb17886db8607111",
    "research_june22_23.csv": "73e84dac2994f81848af66a83db2bc41f7215576feac06d1bb06ed410e0fb606",
    "research_june24_25.csv": "d3534ba26be6169c9772a0ff7b651677547ec78706ee33c0161cdea294d65517",
    "research_june26_27.csv": "5554b0544097d2a0b3d2c998e8e0832cad636f13fc19c67ac094145fde6fad60"
  },
  "pipeline_sha256": "8526d602a2fa516874e7801314c3d6abab4c5a4ccfd2ef5cc7950804479bee0e"
}
