{
  "version": "june22_27_best_available_v3",
  "seed": 42,
  "dataset_a_rows": 132,
  "dataset_b_rows": 121,
  "elapsed_wc2026_rows": 40,
  "calibration": {
    "divisor": 450.0,
    "draw_base": 0.22,
    "draw_slope": 0.12,
    "mean_brier": 0.6199161230384551,
    "mean_log_loss": 1.030320926182056,
    "folds": [
      {
        "brier": 0.6146773599554965,
        "log_loss": 1.033457114765305
      },
      {
        "brier": 0.6589931210017108,
        "log_loss": 1.0874029707872834
      },
      {
        "brier": 0.5080577418811444,
        "log_loss": 0.8750614487589435
      },
      {
        "brier": 0.6979362693154685,
        "log_loss": 1.125362170416692
      }
    ],
    "selection_rows": 215,
    "holdout_rows": 38,
    "holdout_brier": 0.573469096305491,
    "holdout_log_loss": 0.9375854971036603
  },
  "score_market_calibration": {
    "mu_total": 2.5,
    "allocation": 0.35,
    "gap_scale": 350.0,
    "gap_intensity": 0.15,
    "mean_score_nll": 2.9521401458657976,
    "mean_over_2_5_brier": 0.24796195435812196,
    "mean_btts_brier": 0.24723298510644978,
    "selection_rows": 215,
    "holdout_rows": 38,
    "production_model": "tuned_elo_independent_poisson",
    "production_holdout": {
      "score_nll": 3.0492461988649198,
      "over_2_5_brier": 0.2503893428777757,
      "btts_brier": 0.25295341412252137
    },
    "shadow_model": "dixon_coles_low_score_correction",
    "shadow_rho": -0.15,
    "shadow_selection": {
      "rho": -0.15,
      "mean_score_nll": 2.9397050158054947,
      "mean_over_2_5_brier": 0.24796195435812196,
      "mean_btts_brier": 0.24810756992326496
    },
    "shadow_holdout": {
      "score_nll": 3.03931254460748,
      "over_2_5_brier": 0.2503893428777757,
      "btts_brier": 0.24918005263712031
    },
    "holdout_selection_rate_baselines": {
      "selection_over_2_5_rate": 0.43164488017429326,
      "selection_btts_rate": 0.4286492374727682,
      "over_2_5_brier": 0.2582700602919503,
      "btts_brier": 0.2663568411859382
    },
    "shadow_paired_bootstrap": {
      "score_nll": {
        "challenger_minus_production_mean": -0.009933654257440194,
        "ci_95_lower": -0.043253606108184274,
        "ci_95_upper": 0.025483860627948805,
        "iterations": 2000,
        "statistically_secure_improvement": false
      },
      "over_2_5_brier": {
        "challenger_minus_production_mean": 4.382459307730881e-18,
        "ci_95_lower": -7.304098846218135e-18,
        "ci_95_upper": 1.7529837230923523e-17,
        "iterations": 2000,
        "statistically_secure_improvement": false
      },
      "btts_brier": {
        "challenger_minus_production_mean": -0.0037733614854011358,
        "ci_95_lower": -0.008954249992824796,
        "ci_95_upper": 0.0016432678852956188,
        "iterations": 2000,
        "statistically_secure_improvement": false
      }
    },
    "policy_status": "experimental_non_actionable_no_historical_market_odds"
  },
  "mu_dataset_a": 2.628787878787879,
  "mu_dataset_b": 2.4441964285714297,
  "mu_production": 2.5,
  "expanded_market_policy": {
    "status": "best_available_recommendations_unvalidated_profitability",
    "reason": "No timestamped historical totals, BTTS, Asian-handicap, or combo prices exist for untouched profitability validation.",
    "priced_fixtures": 12,
    "all_fixture_probability_coverage": 32,
    "recommendations_required": 32,
    "selection_rule": "maximize minimum(base EV, stressed EV) minus 0.35*model-market divergence and market-family uncertainty penalties"
  },
  "input_hashes": {
    "wc_backtest_historical_dataset.csv": "41a5c7732582314e32d42135ee09f212a7e4fe70f398d491df8b80f6275b3add",
    "wc_2026_results_through_june21.csv": "478fe45b6945af10e10cdf637ba84dc876dc92bc62795074c064a0035ae37c7a",
    "wc_team_elo_baseline_june11.csv": "f7e4ff313d485e208ac5a00f9cc2b51adda1cb255414578ead094d37a584213b",
    "wc_2026_matches_june_22-27.csv": "5c8f68a44f90ce000568d0618046d45cedd07557d1ee175162f3a86459af0a2d",
    "odds_june22_23.csv": "11f2470f953489af6966bd60cea31ab3f4437a278cba60a69c991841763f488d",
    "odds_june24.csv": "fe71b2941a9d4f477ce067f0341154e46a5f03e9be1cb6dc11aabadbc182daa8",
    "odds_june25_26.csv": "910fa838a9314a5d30227a977c3a462e8f5a288855f21d66f4576becc0582957",
    "odds_june27.csv": "6ace21a6cff0718dfd01be6b62ab3575014b9f2a531e9fac64c29a27c43cd0a4",
    "research_june22_23.csv": "73e84dac2994f81848af66a83db2bc41f7215576feac06d1bb06ed410e0fb606",
    "research_june24_25.csv": "d3534ba26be6169c9772a0ff7b651677547ec78706ee33c0161cdea294d65517",
    "research_june26_27.csv": "5554b0544097d2a0b3d2c998e8e0832cad636f13fc19c67ac094145fde6fad60"
  },
  "pipeline_sha256": "85aca15d860b37b07c6114d54357169825c9dd5fbf95f63368b8565d042c4d9b"
}
