{
  "calibration": {
    "divisor": 450.0,
    "draw_base": 0.22,
    "draw_slope": 0.12,
    "folds": [
      {
        "brier": 0.6146773599554965,
        "log_loss": 1.033457114765305
      },
      {
        "brier": 0.6589931210017108,
        "log_loss": 1.0874029707872834
      },
      {
        "brier": 0.5080577418811444,
        "log_loss": 0.8750614487589435
      },
      {
        "brier": 0.6979362693154685,
        "log_loss": 1.125362170416692
      }
    ],
    "holdout_brier": 0.573469096305491,
    "holdout_log_loss": 0.9375854971036603,
    "holdout_rows": 38,
    "mean_brier": 0.6199161230384551,
    "mean_log_loss": 1.030320926182056,
    "selection_rows": 215
  },
  "dataset_a_rows": 132,
  "dataset_b_rows": 121,
  "elapsed_wc2026_rows": 40,
  "expanded_market_policy": {
    "all_fixture_probability_coverage": 32,
    "priced_fixtures": 12,
    "reason": "No timestamped historical totals, BTTS, Asian-handicap, or combo prices exist for untouched profitability validation.",
    "recommendations_required": 32,
    "selection_rule": "maximize minimum(base EV, stressed EV) minus 0.35*model-market divergence and market-family uncertainty penalties",
    "status": "best_available_recommendations_unvalidated_profitability"
  },
  "historical_closing_odds": {
    "by_competition": {
      "FRIENDLY": 159,
      "WC_2018_GROUP": 144,
      "WC_2022_GROUP": 132,
      "WC_2026_GROUP": 27,
      "WC_QUALIFIER": 204
    },
    "by_evidence_class": {
      "legacy_proxy_unknown_timestamp": 666
    },
    "by_market_family": {
      "1x2": 666
    },
    "events": 222,
    "primary_validation_events": 0,
    "primary_validation_rows": 0,
    "profitability_validation_status": "blocked_no_timestamp_verified_closing_rows",
    "rows": 666,
    "schema_version": "historical_closing_odds_v1"
  },
  "input_hashes": {
    "odds_june22_23.csv": "11f2470f953489af6966bd60cea31ab3f4437a278cba60a69c991841763f488d",
    "odds_june24.csv": "fe71b2941a9d4f477ce067f0341154e46a5f03e9be1cb6dc11aabadbc182daa8",
    "odds_june25_26.csv": "910fa838a9314a5d30227a977c3a462e8f5a288855f21d66f4576becc0582957",
    "odds_june27.csv": "6ace21a6cff0718dfd01be6b62ab3575014b9f2a531e9fac64c29a27c43cd0a4",
    "research_june22_23.csv": "73e84dac2994f81848af66a83db2bc41f7215576feac06d1bb06ed410e0fb606",
    "research_june24_25.csv": "d3534ba26be6169c9772a0ff7b651677547ec78706ee33c0161cdea294d65517",
    "research_june26_27.csv": "5554b0544097d2a0b3d2c998e8e0832cad636f13fc19c67ac094145fde6fad60",
    "wc_2026_matches_june_22-27.csv": "5c8f68a44f90ce000568d0618046d45cedd07557d1ee175162f3a86459af0a2d",
    "wc_2026_results_through_june21.csv": "478fe45b6945af10e10cdf637ba84dc876dc92bc62795074c064a0035ae37c7a",
    "wc_backtest_historical_dataset.csv": "41a5c7732582314e32d42135ee09f212a7e4fe70f398d491df8b80f6275b3add",
    "wc_team_elo_baseline_june11.csv": "f7e4ff313d485e208ac5a00f9cc2b51adda1cb255414578ead094d37a584213b"
  },
  "model_championship": {
    "capacity_rejections": {
      "graphmixer_or_dygformer": "Efficient temporal graph architectures are appropriate once the graph has enough repeated pre-event interactions; current outer folds still favor the de-vigged market proxy.",
      "temporal_graph_neural_network": "253 matches and sparse team histories are insufficient for a credible high-capacity chronological comparison. Production gate requires at least 2000 timestamped fixtures and roughly 30 temporal edges per team.",
      "transformer_sequence_model": "Effective sample size is orders of magnitude below a defensible sequence-model championship; fitting would invite leakage and variance-driven selection."
    },
    "champion": "market_devigged_proxy",
    "champion_vs_market_paired_bootstrap": {
      "champion_minus_baseline_log_loss": 0.0,
      "ci_95_lower": 0.0,
      "ci_95_upper": 0.0,
      "iterations": 5000,
      "secure_improvement": false
    },
    "deep_learning_research": {
      "candidate_families": [
        {
          "current_status": "Registered as regularized_multinomial_research; not promoted because market proxy dominates outer folds.",
          "name": "CatBoost/LightGBM tabular rating model",
          "use_when": "Hundreds to thousands of fixtures with stable engineered features; strong baseline before neural models."
        },
        {
          "current_status": "Dixon-Coles is shadow-only; paired-bootstrap improvement is not statistically secure.",
          "name": "Hierarchical dynamic Poisson / Dixon-Coles",
          "use_when": "Goal-score modeling with team attack/defense partial pooling and enough repeated team histories."
        },
        {
          "current_status": "Rejected by evidence gate; current graph has too few temporal edges per team for credible fitting.",
          "name": "Temporal Graph Network / TGAT-style dynamic graph",
          "use_when": "Thousands of time-stamped team/player/match edges, node features, and strictly pre-event labels."
        },
        {
          "current_status": "Research registry only; no production weight without outer-fold improvement over market baselines.",
          "name": "GraphMixer / DyGFormer-style efficient temporal graph",
          "use_when": "Large temporal interaction graphs where memory/lightweight mixing architectures can be compared out of sample."
        },
        {
          "current_status": "Rejected by sample-size gate; likely overfits current sparse World Cup/qualifier history.",
          "name": "Sequence transformer over team histories",
          "use_when": "Long sequential histories with lineup/player/context tokens and a separate untouched tournament holdout."
        }
      ],
      "pitfalls_controlled": [
        "look-ahead leakage from using future ratings or post-kickoff prices",
        "same-day split leakage across matches in one matchday",
        "winner's curse from trying many architectures on a tiny holdout",
        "probability calibration ignored in favor of accuracy",
        "profitability inferred without executable timestamped closing odds",
        "naive stacking weights selected outside chronological folds"
      ],
      "promotion_gate": {
        "minimum_temporal_edges_per_team": 30,
        "minimum_timestamped_fixtures": 2000,
        "required_validation": "nested walk-forward model selection, final untouched holdout, paired bootstrap for proper scores, calibration plots, profitability/CLV only against timestamp-verified closing odds, and multiple-testing correction across searched variants"
      },
      "research_sources": [
        {
          "applies_to": "TGN candidate registry and temporal-edge data requirements",
          "title": "Temporal Graph Networks for Deep Learning on Dynamic Graphs",
          "url": "https://arxiv.org/abs/2006.10637"
        },
        {
          "applies_to": "efficient temporal graph research-track architecture",
          "title": "GraphMixer: Efficient Temporal Graph Learning with MLP-Mixer",
          "url": "https://arxiv.org/abs/2302.11636"
        },
        {
          "applies_to": "reporting limitations, intended use, and validation status",
          "title": "Model Cards for Model Reporting",
          "url": "https://arxiv.org/abs/1810.03993"
        }
      ],
      "summary": "Deep and graph models remain research-track only. The available complete 1X2 proxy-market corpus has 213 complete matches after filtering and 253 total historical match rows, far below the prespecified evidence gate for a production temporal GNN or sequence transformer."
    },
    "excluded_missing_complete_1x2": 40,
    "holdout_metrics": {
      "elo_fixed_400": {
        "brier": 0.6923538511554563,
        "log_loss": 1.1203999104407385,
        "rows": 32
      },
      "elo_market_stack_nested": {
        "brier": 0.6791323736833921,
        "log_loss": 1.0945338768830604,
        "rows": 32
      },
      "elo_tuned_nested": {
        "brier": 0.6767092195800914,